Features Removed,Dataset,(SHAP) Test acc,(SHAP) Test var,(MCMC) Test acc,(MCMC) Test var,(Imp. Samp.) Test acc,(Imp. Samp.) Test var
1,German Credit,0.9444444444444444,0.0,0.9444444444444444,0.0,0.9444444444444444,0.0
2,German Credit,0.9259259259259257,4.930380657631324e-32,0.8703703703703702,1.232595164407831e-32,0.9259259259259257,4.930380657631324e-32
3,German Credit,0.9074074074074077,4.930380657631324e-32,0.8518518518518516,4.930380657631324e-32,0.796296296296296,1.1093356479670479e-31
4,German Credit,0.8518518518518516,4.930380657631324e-32,0.8518518518518516,4.930380657631324e-32,0.8518518518518516,4.930380657631324e-32
5,German Credit,0.888888888888889,1.232595164407831e-32,0.888888888888889,1.232595164407831e-32,0.888888888888889,1.232595164407831e-32
6,German Credit,0.8333333333333331,4.930380657631324e-32,0.8333333333333331,4.930380657631324e-32,0.8333333333333331,4.930380657631324e-32
